file_name,id,column_name,chunk_id
problem_statements.xlsx,SIH1525,"['Title', 'Description']",0
problem_statements.xlsx,SIH1525,"['Title', 'Description']",1
problem_statements.xlsx,SIH1524,"['Title', 'Description']",0
problem_statements.xlsx,SIH1523,"['Title', 'Description']",0
problem_statements.xlsx,SIH1522,"['Title', 'Description']",0
problem_statements.xlsx,SIH1521,"['Title', 'Description']",0
problem_statements.xlsx,SIH1520,"['Title', 'Description']",0
problem_statements.xlsx,SIH1519,"['Title', 'Description']",0
problem_statements.xlsx,SIH1518,"['Title', 'Description']",0
problem_statements.xlsx,SIH1517,"['Title', 'Description']",0
problem_statements.xlsx,SIH1516,"['Title', 'Description']",0
problem_statements.xlsx,SIH1515,"['Title', 'Description']",0
problem_statements.xlsx,SIH1514,"['Title', 'Description']",0
problem_statements.xlsx,SIH1513,"['Title', 'Description']",0
problem_statements.xlsx,SIH1512,"['Title', 'Description']",0
problem_statements.xlsx,SIH1511,"['Title', 'Description']",0
problem_statements.xlsx,SIH1510,"['Title', 'Description']",0
problem_statements.xlsx,SIH1508,"['Title', 'Description']",0
problem_statements.xlsx,SIH1507,"['Title', 'Description']",0
problem_statements.xlsx,SIH1506,"['Title', 'Description']",0
problem_statements.xlsx,SIH1505,"['Title', 'Description']",0
problem_statements.xlsx,SIH1505,"['Title', 'Description']",1
problem_statements.xlsx,SIH1504,"['Title', 'Description']",0
problem_statements.xlsx,SIH1503,"['Title', 'Description']",0
problem_statements.xlsx,SIH1502,"['Title', 'Description']",0
problem_statements.xlsx,SIH1501,"['Title', 'Description']",0
problem_statements.xlsx,SIH1500,"['Title', 'Description']",0
problem_statements.xlsx,SIH1499,"['Title', 'Description']",0
problem_statements.xlsx,SIH1498,"['Title', 'Description']",0
problem_statements.xlsx,SIH1497,"['Title', 'Description']",0
problem_statements.xlsx,SIH1496,"['Title', 'Description']",0
problem_statements.xlsx,SIH1495,"['Title', 'Description']",0
problem_statements.xlsx,SIH1494,"['Title', 'Description']",0
problem_statements.xlsx,SIH1493,"['Title', 'Description']",0
problem_statements.xlsx,SIH1492,"['Title', 'Description']",0
problem_statements.xlsx,SIH1491,"['Title', 'Description']",0
problem_statements.xlsx,SIH1490,"['Title', 'Description']",0
problem_statements.xlsx,SIH1489,"['Title', 'Description']",0
problem_statements.xlsx,SIH1488,"['Title', 'Description']",0
problem_statements.xlsx,SIH1487,"['Title', 'Description']",0
problem_statements.xlsx,SIH1486,"['Title', 'Description']",0
problem_statements.xlsx,SIH1485,"['Title', 'Description']",0
problem_statements.xlsx,SIH1484,"['Title', 'Description']",0
problem_statements.xlsx,SIH1483,"['Title', 'Description']",0
problem_statements.xlsx,SIH1482,"['Title', 'Description']",0
problem_statements.xlsx,SIH1481,"['Title', 'Description']",0
problem_statements.xlsx,SIH1480,"['Title', 'Description']",0
problem_statements.xlsx,SIH1479,"['Title', 'Description']",0
problem_statements.xlsx,SIH1478,"['Title', 'Description']",0
problem_statements.xlsx,SIH1477,"['Title', 'Description']",0
problem_statements.xlsx,SIH1476,"['Title', 'Description']",0
problem_statements.xlsx,SIH1475,"['Title', 'Description']",0
problem_statements.xlsx,SIH1474,"['Title', 'Description']",0
problem_statements.xlsx,SIH1473,"['Title', 'Description']",0
problem_statements.xlsx,SIH1472,"['Title', 'Description']",0
problem_statements.xlsx,SIH1471,"['Title', 'Description']",0
problem_statements.xlsx,SIH1470,"['Title', 'Description']",0
problem_statements.xlsx,SIH1469,"['Title', 'Description']",0
problem_statements.xlsx,SIH1468,"['Title', 'Description']",0
problem_statements.xlsx,SIH1467,"['Title', 'Description']",0
problem_statements.xlsx,SIH1466,"['Title', 'Description']",0
problem_statements.xlsx,SIH1465,"['Title', 'Description']",0
problem_statements.xlsx,SIH1464,"['Title', 'Description']",0
problem_statements.xlsx,SIH1463,"['Title', 'Description']",0
problem_statements.xlsx,SIH1462,"['Title', 'Description']",0
problem_statements.xlsx,SIH1461,"['Title', 'Description']",0
problem_statements.xlsx,SIH1460,"['Title', 'Description']",0
problem_statements.xlsx,SIH1459,"['Title', 'Description']",0
problem_statements.xlsx,SIH1458,"['Title', 'Description']",0
problem_statements.xlsx,SIH1457,"['Title', 'Description']",0
problem_statements.xlsx,SIH1456,"['Title', 'Description']",0
problem_statements.xlsx,SIH1455,"['Title', 'Description']",0
problem_statements.xlsx,SIH1454,"['Title', 'Description']",0
problem_statements.xlsx,SIH1453,"['Title', 'Description']",0
problem_statements.xlsx,SIH1452,"['Title', 'Description']",0
problem_statements.xlsx,SIH1451,"['Title', 'Description']",0
problem_statements.xlsx,SIH1450,"['Title', 'Description']",0
problem_statements.xlsx,SIH1449,"['Title', 'Description']",0
problem_statements.xlsx,SIH1448,"['Title', 'Description']",0
problem_statements.xlsx,SIH1447,"['Title', 'Description']",0
problem_statements.xlsx,SIH1446,"['Title', 'Description']",0
problem_statements.xlsx,SIH1445,"['Title', 'Description']",0
problem_statements.xlsx,SIH1444,"['Title', 'Description']",0
problem_statements.xlsx,SIH1443,"['Title', 'Description']",0
problem_statements.xlsx,SIH1442,"['Title', 'Description']",0
problem_statements.xlsx,SIH1441,"['Title', 'Description']",0
problem_statements.xlsx,SIH1440,"['Title', 'Description']",0
problem_statements.xlsx,SIH1440,"['Title', 'Description']",1
problem_statements.xlsx,SIH1439,"['Title', 'Description']",0
problem_statements.xlsx,SIH1438,"['Title', 'Description']",0
problem_statements.xlsx,SIH1437,"['Title', 'Description']",0
problem_statements.xlsx,SIH1436,"['Title', 'Description']",0
problem_statements.xlsx,SIH1435,"['Title', 'Description']",0
problem_statements.xlsx,SIH1434,"['Title', 'Description']",0
problem_statements.xlsx,SIH1433,"['Title', 'Description']",0
problem_statements.xlsx,SIH1432,"['Title', 'Description']",0
problem_statements.xlsx,SIH1431,"['Title', 'Description']",0
problem_statements.xlsx,SIH1430,"['Title', 'Description']",0
problem_statements.xlsx,SIH1429,"['Title', 'Description']",0
problem_statements.xlsx,SIH1428,"['Title', 'Description']",0
problem_statements.xlsx,SIH1427,"['Title', 'Description']",0
problem_statements.xlsx,SIH1426,"['Title', 'Description']",0
problem_statements.xlsx,SIH1425,"['Title', 'Description']",0
problem_statements.xlsx,SIH1424,"['Title', 'Description']",0
problem_statements.xlsx,SIH1423,"['Title', 'Description']",0
problem_statements.xlsx,SIH1422,"['Title', 'Description']",0
problem_statements.xlsx,SIH1421,"['Title', 'Description']",0
problem_statements.xlsx,SIH1420,"['Title', 'Description']",0
problem_statements.xlsx,SIH1419,"['Title', 'Description']",0
problem_statements.xlsx,SIH1418,"['Title', 'Description']",0
problem_statements.xlsx,SIH1417,"['Title', 'Description']",0
problem_statements.xlsx,SIH1416,"['Title', 'Description']",0
problem_statements.xlsx,SIH1415,"['Title', 'Description']",0
problem_statements.xlsx,SIH1414,"['Title', 'Description']",0
problem_statements.xlsx,SIH1413,"['Title', 'Description']",0
problem_statements.xlsx,SIH1412,"['Title', 'Description']",0
problem_statements.xlsx,SIH1411,"['Title', 'Description']",0
problem_statements.xlsx,SIH1410,"['Title', 'Description']",0
problem_statements.xlsx,SIH1409,"['Title', 'Description']",0
problem_statements.xlsx,SIH1408,"['Title', 'Description']",0
problem_statements.xlsx,SIH1407,"['Title', 'Description']",0
problem_statements.xlsx,SIH1407,"['Title', 'Description']",1
problem_statements.xlsx,SIH1406,"['Title', 'Description']",0
problem_statements.xlsx,SIH1405,"['Title', 'Description']",0
problem_statements.xlsx,SIH1404,"['Title', 'Description']",0
problem_statements.xlsx,SIH1403,"['Title', 'Description']",0
problem_statements.xlsx,SIH1402,"['Title', 'Description']",0
problem_statements.xlsx,SIH1394,"['Title', 'Description']",0
problem_statements.xlsx,SIH1393,"['Title', 'Description']",0
problem_statements.xlsx,SIH1392,"['Title', 'Description']",0
problem_statements.xlsx,SIH1391,"['Title', 'Description']",0
problem_statements.xlsx,SIH1390,"['Title', 'Description']",0
problem_statements.xlsx,SIH1389,"['Title', 'Description']",0
problem_statements.xlsx,SIH1388,"['Title', 'Description']",0
problem_statements.xlsx,SIH1387,"['Title', 'Description']",0
problem_statements.xlsx,SIH1386,"['Title', 'Description']",0
problem_statements.xlsx,SIH1385,"['Title', 'Description']",0
problem_statements.xlsx,SIH1384,"['Title', 'Description']",0
problem_statements.xlsx,SIH1383,"['Title', 'Description']",0
problem_statements.xlsx,SIH1382,"['Title', 'Description']",0
problem_statements.xlsx,SIH1381,"['Title', 'Description']",0
problem_statements.xlsx,SIH1380,"['Title', 'Description']",0
problem_statements.xlsx,SIH1379,"['Title', 'Description']",0
problem_statements.xlsx,SIH1378,"['Title', 'Description']",0
problem_statements.xlsx,SIH1377,"['Title', 'Description']",0
problem_statements.xlsx,SIH1376,"['Title', 'Description']",0
problem_statements.xlsx,SIH1375,"['Title', 'Description']",0
problem_statements.xlsx,SIH1374,"['Title', 'Description']",0
problem_statements.xlsx,SIH1373,"['Title', 'Description']",0
problem_statements.xlsx,SIH1372,"['Title', 'Description']",0
problem_statements.xlsx,SIH1371,"['Title', 'Description']",0
problem_statements.xlsx,SIH1370,"['Title', 'Description']",0
problem_statements.xlsx,SIH1369,"['Title', 'Description']",0
problem_statements.xlsx,SIH1368,"['Title', 'Description']",0
problem_statements.xlsx,SIH1367,"['Title', 'Description']",0
problem_statements.xlsx,SIH1366,"['Title', 'Description']",0
problem_statements.xlsx,SIH1365,"['Title', 'Description']",0
problem_statements.xlsx,SIH1364,"['Title', 'Description']",0
problem_statements.xlsx,SIH1363,"['Title', 'Description']",0
problem_statements.xlsx,SIH1362,"['Title', 'Description']",0
problem_statements.xlsx,SIH1361,"['Title', 'Description']",0
problem_statements.xlsx,SIH1360,"['Title', 'Description']",0
problem_statements.xlsx,SIH1359,"['Title', 'Description']",0
problem_statements.xlsx,SIH1358,"['Title', 'Description']",0
problem_statements.xlsx,SIH1357,"['Title', 'Description']",0
problem_statements.xlsx,SIH1356,"['Title', 'Description']",0
problem_statements.xlsx,SIH1349,"['Title', 'Description']",0
problem_statements.xlsx,SIH1348,"['Title', 'Description']",0
problem_statements.xlsx,SIH1347,"['Title', 'Description']",0
problem_statements.xlsx,SIH1346,"['Title', 'Description']",0
problem_statements.xlsx,SIH1345,"['Title', 'Description']",0
problem_statements.xlsx,SIH1344,"['Title', 'Description']",0
problem_statements.xlsx,SIH1343,"['Title', 'Description']",0
problem_statements.xlsx,SIH1342,"['Title', 'Description']",0
problem_statements.xlsx,SIH1341,"['Title', 'Description']",0
problem_statements.xlsx,SIH1340,"['Title', 'Description']",0
problem_statements.xlsx,SIH1339,"['Title', 'Description']",0
problem_statements.xlsx,SIH1338,"['Title', 'Description']",0
problem_statements.xlsx,SIH1338,"['Title', 'Description']",1
problem_statements.xlsx,SIH1337,"['Title', 'Description']",0
problem_statements.xlsx,SIH1336,"['Title', 'Description']",0
problem_statements.xlsx,SIH1335,"['Title', 'Description']",0
problem_statements.xlsx,SIH1334,"['Title', 'Description']",0
problem_statements.xlsx,SIH1333,"['Title', 'Description']",0
problem_statements.xlsx,SIH1332,"['Title', 'Description']",0
problem_statements.xlsx,SIH1331,"['Title', 'Description']",0
problem_statements.xlsx,SIH1330,"['Title', 'Description']",0
problem_statements.xlsx,SIH1329,"['Title', 'Description']",0
problem_statements.xlsx,SIH1328,"['Title', 'Description']",0
problem_statements.xlsx,SIH1327,"['Title', 'Description']",0
problem_statements.xlsx,SIH1326,"['Title', 'Description']",0
problem_statements.xlsx,SIH1325,"['Title', 'Description']",0
problem_statements.xlsx,SIH1324,"['Title', 'Description']",0
problem_statements.xlsx,SIH1323,"['Title', 'Description']",0
problem_statements.xlsx,SIH1322,"['Title', 'Description']",0
problem_statements.xlsx,SIH1321,"['Title', 'Description']",0
problem_statements.xlsx,SIH1320,"['Title', 'Description']",0
problem_statements.xlsx,SIH1319,"['Title', 'Description']",0
problem_statements.xlsx,SIH1318,"['Title', 'Description']",0
problem_statements.xlsx,SIH1318,"['Title', 'Description']",1
problem_statements.xlsx,SIH1317,"['Title', 'Description']",0
problem_statements.xlsx,SIH1316,"['Title', 'Description']",0
problem_statements.xlsx,SIH1315,"['Title', 'Description']",0
problem_statements.xlsx,SIH1314,"['Title', 'Description']",0
problem_statements.xlsx,SIH1313,"['Title', 'Description']",0
problem_statements.xlsx,SIH1312,"['Title', 'Description']",0
problem_statements.xlsx,SIH1311,"['Title', 'Description']",0
problem_statements.xlsx,SIH1310,"['Title', 'Description']",0
problem_statements.xlsx,SIH1309,"['Title', 'Description']",0
problem_statements.xlsx,SIH1308,"['Title', 'Description']",0
problem_statements.xlsx,SIH1307,"['Title', 'Description']",0
problem_statements.xlsx,SIH1306,"['Title', 'Description']",0
problem_statements.xlsx,SIH1305,"['Title', 'Description']",0
problem_statements.xlsx,SIH1305,"['Title', 'Description']",1
problem_statements.xlsx,SIH1304,"['Title', 'Description']",0
problem_statements.xlsx,SIH1303,"['Title', 'Description']",0
problem_statements.xlsx,SIH1302,"['Title', 'Description']",0
problem_statements.xlsx,SIH1301,"['Title', 'Description']",0
problem_statements.xlsx,SIH1300,"['Title', 'Description']",0
problem_statements.xlsx,SIH1299,"['Title', 'Description']",0
problem_statements.xlsx,SIH1298,"['Title', 'Description']",0
problem_statements.xlsx,SIH1297,"['Title', 'Description']",0
problem_statements.xlsx,SIH1296,"['Title', 'Description']",0
problem_statements.xlsx,SIH1295,"['Title', 'Description']",0
problem_statements.xlsx,SIH1294,"['Title', 'Description']",0
problem_statements.xlsx,SIH1293,"['Title', 'Description']",0
problem_statements.xlsx,SIH1292,"['Title', 'Description']",0
problem_statements.xlsx,SIH1291,"['Title', 'Description']",0
problem_statements.xlsx,SIH1290,"['Title', 'Description']",0
problem_statements.xlsx,SIH1289,"['Title', 'Description']",0
problem_statements.xlsx,SIH1288,"['Title', 'Description']",0
problem_statements.xlsx,SIH1287,"['Title', 'Description']",0
problem_statements.xlsx,SIH1286,"['Title', 'Description']",0
problem_statements.xlsx,SIH1285,"['Title', 'Description']",0
problem_statements.xlsx,SIH1284,"['Title', 'Description']",0
problem_statements.xlsx,SIH1283,"['Title', 'Description']",0
problem_statements.xlsx,SIH1282,"['Title', 'Description']",0
problem_statements.xlsx,SIH1281,"['Title', 'Description']",0
problem_statements.xlsx,SIH1280,"['Title', 'Description']",0
problem_statements.xlsx,SIH1279,"['Title', 'Description']",0
problem_statements.xlsx,SIH1278,"['Title', 'Description']",0
